{"title":"SIMULADOS - PROCEDIMENTOS DE LEITURA","links":[{"text":"1 - SIMULADO 1 - PROCEDIMENTOS DE LEITURA","href":"https://afascursos.com.br/ead/centro-de-aprendizagem/profletras-preparatorio-2022/aula/8086/?classroom=66","links":[{"type":"download","href":"/ead/cdn/download-aula/12506/"}]},{"text":"2 - SIMULADO 1 - PROCEDIMENTOS DE LEITURA","href":"https://afascursos.com.br/ead/centro-de-aprendizagem/profletras-preparatorio-2022/aula/8087/?classroom=66","links":[{"type":"vimeo","href":"https://vimeo.com/312930227"}]},{"text":"3 - SIMULADO 2 - PROCEDIMENTOS DE LEITURA","href":"https://afascursos.com.br/ead/centro-de-aprendizagem/profletras-preparatorio-2022/aula/8088/?classroom=66","links":[{"type":"download","href":"/ead/cdn/download-aula/12508/"}]},{"text":"4 - SIMULADO 2 - PROCEDIMENTOS DE LEITURA - CORREÇÃO","href":"https://afascursos.com.br/ead/centro-de-aprendizagem/profletras-preparatorio-2022/aula/8089/?classroom=66","links":[{"type":"vimeo","href":"https://vimeo.com/311723110"}]},{"text":"5 - SIMULADO 3 - PROCEDIMENTOS DE LEITURA","href":"https://afascursos.com.br/ead/centro-de-aprendizagem/profletras-preparatorio-2022/aula/8090/?classroom=66","links":[{"type":"download","href":"/ead/cdn/download-aula/12510/"}]},{"text":"6 - SIMULADO 3 - PROCEDIMENTOS DE LEITURA - CORREÇÃO","href":"https://afascursos.com.br/ead/centro-de-aprendizagem/profletras-preparatorio-2022/aula/8091/?classroom=66","links":[{"type":"vimeo","href":"https://vimeo.com/265678901"}]}],"count":6}