{"title":"EXAME DE 2014","links":[{"text":"1 - EXAME DE 2014","href":"https://afascursos.com.br/ead/centro-de-aprendizagem/profletras-preparatorio-2022/aula/7964/?classroom=66","links":[{"type":"download","href":"/ead/cdn/download-aula/12321/"}]},{"text":"2 - CORREÇÃO DO EXAME DE 2014 - PARTE 1","href":"https://afascursos.com.br/ead/centro-de-aprendizagem/profletras-preparatorio-2022/aula/7965/?classroom=66","links":[{"type":"vimeo","href":"https://vimeo.com/268628267"}]},{"text":"3 - CORREÇÃO DO EXAME DE 2014 - PARTE 2","href":"https://afascursos.com.br/ead/centro-de-aprendizagem/profletras-preparatorio-2022/aula/7966/?classroom=66","links":[{"type":"vimeo","href":"https://vimeo.com/268631839"}]}],"count":3}