{"title":"DÚVIDAS DOS CURSISTAS","links":[{"text":"1 - AULA 1 - MODALIZAÇÃO AUTONÍMICA - PARTE 1","href":"https://afascursos.com.br/ead/centro-de-aprendizagem/profletras-preparatorio-2022/aula/7939/?classroom=66","links":[{"type":"download","href":"/ead/cdn/download-aula/12290/"},{"type":"vimeo","href":"https://vimeo.com/385369454"}]},{"text":"2 - AULA 1 - MODALIZAÇÃO AUTONÍMICA - PARTE 2","href":"https://afascursos.com.br/ead/centro-de-aprendizagem/profletras-preparatorio-2022/aula/7940/?classroom=66","links":[{"type":"vimeo","href":"https://vimeo.com/385396917"}]},{"text":"3 - AULA 2 - PARALELISMO - PARTE 1","href":"https://afascursos.com.br/ead/centro-de-aprendizagem/profletras-preparatorio-2022/aula/7941/?classroom=66","links":[{"type":"vimeo","href":"https://vimeo.com/385659834"}]},{"text":"4 - AULA 2 - PARALELISMO - PARTE 2","href":"https://afascursos.com.br/ead/centro-de-aprendizagem/profletras-preparatorio-2022/aula/7942/?classroom=66","links":[{"type":"vimeo","href":"https://vimeo.com/385670485"}]},{"text":"5 - AULA 3 - PROPÓSITO COMUNICATIVO - PARTE 1","href":"https://afascursos.com.br/ead/centro-de-aprendizagem/profletras-preparatorio-2022/aula/7943/?classroom=66","links":[{"type":"download","href":"/ead/cdn/download-aula/12295/"},{"type":"vimeo","href":"https://vimeo.com/387261183"}]},{"text":"6 - AULA 3 - PROPÓSITO COMUNICATIVO - PARTE 2","href":"https://afascursos.com.br/ead/centro-de-aprendizagem/profletras-preparatorio-2022/aula/7944/?classroom=66","links":[{"type":"vimeo","href":"https://vimeo.com/387292878"}]},{"text":"7 - AULA 3 - PROPÓSITO COMUNICATIVO - PARTE 3","href":"https://afascursos.com.br/ead/centro-de-aprendizagem/profletras-preparatorio-2022/aula/7945/?classroom=66","links":[{"type":"vimeo","href":"https://vimeo.com/387355438"}]},{"text":"8 - AULA 4 - PONTUAÇÃO - PARTE 1","href":"https://afascursos.com.br/ead/centro-de-aprendizagem/profletras-preparatorio-2022/aula/7946/?classroom=66","links":[{"type":"download","href":"/ead/cdn/download-aula/12299/"},{"type":"vimeo","href":"https://vimeo.com/388337416"}]},{"text":"9 - AULA 4 - PONTUAÇÃO - PARTE 2","href":"https://afascursos.com.br/ead/centro-de-aprendizagem/profletras-preparatorio-2022/aula/7947/?classroom=66","links":[{"type":"vimeo","href":"https://vimeo.com/388375438"}]},{"text":"10 - AULA 4 - PONTUAÇÃO - PARTE 3","href":"https://afascursos.com.br/ead/centro-de-aprendizagem/profletras-preparatorio-2022/aula/7948/?classroom=66","links":[{"type":"vimeo","href":"https://vimeo.com/388394261"}]},{"text":"11 - AULA 5 -GÊNEROS TEXTUAIS QUE PODEM CAIR NA PROVA DISCURSIVA - PARTE 1","href":"https://afascursos.com.br/ead/centro-de-aprendizagem/profletras-preparatorio-2022/aula/7949/?classroom=66","links":[{"type":"vimeo","href":"https://vimeo.com/389754549"}]},{"text":"12 - AULA 5 -GÊNEROS TEXTUAIS QUE PODEM CAIR NA PROVA DISCURSIVA - PARTE 2","href":"https://afascursos.com.br/ead/centro-de-aprendizagem/profletras-preparatorio-2022/aula/7950/?classroom=66","links":[{"type":"vimeo","href":"https://vimeo.com/389781868"}]},{"text":"13 - AULA 6 - A CITAÇÃO NA PROVA DISCURSIVA","href":"https://afascursos.com.br/ead/centro-de-aprendizagem/profletras-preparatorio-2022/aula/7951/?classroom=66","links":[{"type":"vimeo","href":"https://vimeo.com/389900651"}]},{"text":"14 - AULA 7 - VOZES DE AUTORIDADE NA PROVA DISCURSIVA","href":"https://afascursos.com.br/ead/centro-de-aprendizagem/profletras-preparatorio-2022/aula/7952/?classroom=66","links":[{"type":"download","href":"/ead/cdn/download-aula/12306/"},{"type":"vimeo","href":"https://vimeo.com/390846184"}]},{"text":"15 - AULA 8 - CARTA DE SOLICITAÇÃO","href":"https://afascursos.com.br/ead/centro-de-aprendizagem/profletras-preparatorio-2022/aula/9009/?classroom=66","links":[{"type":"vimeo","href":"https://vimeo.com/771613070"}]},{"text":"16 - AULA 9 - EDITORIAL","href":"https://afascursos.com.br/ead/centro-de-aprendizagem/profletras-preparatorio-2022/aula/9297/?classroom=66","links":[{"type":"download","href":"/ead/cdn/download-aula/14232/"},{"type":"vimeo","href":"https://vimeo.com/780457732"}]},{"text":"17 - AULA 10 - TEMAS PARA A PROVA DISCURSIVA - PARTE 1","href":"https://afascursos.com.br/ead/centro-de-aprendizagem/profletras-preparatorio-2022/aula/10186/?classroom=66","links":[{"type":"download","href":"/ead/cdn/download-aula/15465/"}]},{"text":"18 - AULA 10 - TEMAS PARA A PROVA DISCURSIVA - PARTE 2","href":"https://afascursos.com.br/ead/centro-de-aprendizagem/profletras-preparatorio-2022/aula/10190/?classroom=66","links":[{"type":"download","href":"/ead/cdn/download-aula/15470/"}]}],"count":18}