{"title":"LINGUÍSTICA APLICADA AO PORTUGUÊS: SINTAXE (Silva e Koch)","links":[{"text":"1 - AULA 1 - Princípios de organização da estrutura frasal (Parte 1)","href":"https://afascursos.com.br/ead/centro-de-aprendizagem/profletras-preparatorio-2022/aula/7926/?classroom=66","links":[{"type":"download","href":"/ead/cdn/download-aula/12276/"},{"type":"vimeo","href":"https://vimeo.com/522004850"}]},{"text":"2 - AULA 1 - Princípios de organização da estrutura frasal (Parte 2)","href":"https://afascursos.com.br/ead/centro-de-aprendizagem/profletras-preparatorio-2022/aula/7927/?classroom=66","links":[{"type":"vimeo","href":"https://vimeo.com/527473587"}]},{"text":"3 - AULA 2 - As Transformações em Frases Simples Parte 1","href":"https://afascursos.com.br/ead/centro-de-aprendizagem/profletras-preparatorio-2022/aula/7928/?classroom=66","links":[{"type":"vimeo","href":"https://vimeo.com/541889795"}]},{"text":"4 - AULA 2 - As Transformações em Frases Simples Parte 2","href":"https://afascursos.com.br/ead/centro-de-aprendizagem/profletras-preparatorio-2022/aula/7929/?classroom=66","links":[{"type":"vimeo","href":"https://vimeo.com/544821086"}]}],"count":4}