{"title":"ANÁLISE DA PROVA DISCURSIVA 2017","links":[{"text":"1 - PROVA DISCURSIVA - SELEÇÃO 2017","href":"https://afascursos.com.br/ead/centro-de-aprendizagem/profletras-preparatorio-2022/aula/7978/?classroom=66","links":[]},{"text":"2 - PROVA DISCURSIVA - SELEÇÃO 2017 - AULA 5 - PARTE 1","href":"https://afascursos.com.br/ead/centro-de-aprendizagem/profletras-preparatorio-2022/aula/7979/?classroom=66","links":[{"type":"vimeo","href":"https://vimeo.com/344165666"}]},{"text":"3 - PROVA DISCURSIVA - SELEÇÃO 2017 - AULA 5 - PARTE 2","href":"https://afascursos.com.br/ead/centro-de-aprendizagem/profletras-preparatorio-2022/aula/7980/?classroom=66","links":[{"type":"vimeo","href":"https://vimeo.com/344173928"}]}],"count":3}