{"title":"ANÁLISE DA PROVA DISCURSIVA 2015","links":[{"text":"1 - PROVA DISCURSIVA - SELEÇÃO 2015","href":"https://afascursos.com.br/ead/centro-de-aprendizagem/profletras-preparatorio-2022/aula/7967/?classroom=66","links":[{"type":"download","href":"/ead/cdn/download-aula/12325/"}]},{"text":"2 - PROVA DISCURSIVA - SELEÇÃO 2015 - AULA 3 - PARTE 1","href":"https://afascursos.com.br/ead/centro-de-aprendizagem/profletras-preparatorio-2022/aula/7968/?classroom=66","links":[{"type":"vimeo","href":"https://vimeo.com/337664653"}]},{"text":"3 - PROVA DISCURSIVA - SELEÇÃO 2015 - AULA 3 - PARTE 2","href":"https://afascursos.com.br/ead/centro-de-aprendizagem/profletras-preparatorio-2022/aula/7969/?classroom=66","links":[{"type":"vimeo","href":"https://vimeo.com/337666938"}]}],"count":3}