{"title":"GRAMÁTICA E INTERAÇÃO: Uma proposta para o ensino de gramática (Travaglia)","links":[{"text":"1 - AULA 1 - Objetivos do ensino de língua materna","href":"https://afascursos.com.br/ead/centro-de-aprendizagem/profletras-preparatorio-2022/aula/7871/?classroom=66","links":[{"type":"download","href":"/ead/cdn/download-aula/12214/"},{"type":"vimeo","href":"https://vimeo.com/509911464"}]},{"text":"2 - AULA 2 - Concepções de linguagem","href":"https://afascursos.com.br/ead/centro-de-aprendizagem/profletras-preparatorio-2022/aula/7872/?classroom=66","links":[{"type":"vimeo","href":"https://vimeo.com/510877690"}]},{"text":"3 - AULA 3 - Concepção de gramática","href":"https://afascursos.com.br/ead/centro-de-aprendizagem/profletras-preparatorio-2022/aula/7873/?classroom=66","links":[{"type":"vimeo","href":"https://vimeo.com/511334179"}]},{"text":"4 - AULA 4 - Tipos de ensino de língua","href":"https://afascursos.com.br/ead/centro-de-aprendizagem/profletras-preparatorio-2022/aula/7874/?classroom=66","links":[{"type":"vimeo","href":"https://vimeo.com/512626578"}]},{"text":"5 - AULA 5 - A variação linguística e o ensino de língua materna","href":"https://afascursos.com.br/ead/centro-de-aprendizagem/profletras-preparatorio-2022/aula/7875/?classroom=66","links":[{"type":"vimeo","href":"https://vimeo.com/512881892"}]},{"text":"6 - AULA 6 - O texto e o discurso","href":"https://afascursos.com.br/ead/centro-de-aprendizagem/profletras-preparatorio-2022/aula/7876/?classroom=66","links":[{"type":"vimeo","href":"https://vimeo.com/517674436"}]},{"text":"7 - AULA 7 - Como tem sido o ensino de gramática nas escolas no Brasil","href":"https://afascursos.com.br/ead/centro-de-aprendizagem/profletras-preparatorio-2022/aula/7877/?classroom=66","links":[{"type":"vimeo","href":"https://vimeo.com/517896816"}]},{"text":"8 - AULA 8 - Uma proposta para o ensino de gramática","href":"https://afascursos.com.br/ead/centro-de-aprendizagem/profletras-preparatorio-2022/aula/7878/?classroom=66","links":[{"type":"vimeo","href":"https://vimeo.com/517928545"}]},{"text":"9 - AULA 9 - A gramática do uso","href":"https://afascursos.com.br/ead/centro-de-aprendizagem/profletras-preparatorio-2022/aula/7879/?classroom=66","links":[{"type":"vimeo","href":"https://vimeo.com/517959909"}]},{"text":"10 - AULA 10 - A gramática reflexiva","href":"https://afascursos.com.br/ead/centro-de-aprendizagem/profletras-preparatorio-2022/aula/7880/?classroom=66","links":[{"type":"vimeo","href":"https://vimeo.com/518268778"}]},{"text":"11 - AULA 11 - Exemplos de trabalho com gramática reflexiva","href":"https://afascursos.com.br/ead/centro-de-aprendizagem/profletras-preparatorio-2022/aula/7881/?classroom=66","links":[{"type":"vimeo","href":"https://vimeo.com/518389244"}]},{"text":"12 - AULA 12 - A gramática teórica","href":"https://afascursos.com.br/ead/centro-de-aprendizagem/profletras-preparatorio-2022/aula/7882/?classroom=66","links":[{"type":"vimeo","href":"https://vimeo.com/518404333"}]},{"text":"13 - AULA 13 - A gramática normativa","href":"https://afascursos.com.br/ead/centro-de-aprendizagem/profletras-preparatorio-2022/aula/7883/?classroom=66","links":[{"type":"vimeo","href":"https://vimeo.com/518422472"}]}],"count":13}