{"title":"SIMULADOS - APENAS QUESTÕES ELABORADAS PELA COMPERVE","links":[{"text":"1 - RESOLVENDO QUESTÕES DA BANCA - COMPERVE","href":"https://afascursos.com.br/ead/centro-de-aprendizagem/profletras-preparatorio-2022/aula/8019/?classroom=66","links":[{"type":"vimeo","href":"https://vimeo.com/372798447"}]},{"text":"2 - SIMULADO 1 - COMPERVE","href":"https://afascursos.com.br/ead/centro-de-aprendizagem/profletras-preparatorio-2022/aula/7997/?classroom=66","links":[]},{"text":"3 - CORREÇÃO - SIMULADO 1 - PARTE 1","href":"https://afascursos.com.br/ead/centro-de-aprendizagem/profletras-preparatorio-2022/aula/8005/?classroom=66","links":[{"type":"vimeo","href":"https://vimeo.com/394451403"}]},{"text":"4 - CORREÇÃO - SIMULADO 1 - PARTE 2","href":"https://afascursos.com.br/ead/centro-de-aprendizagem/profletras-preparatorio-2022/aula/8022/?classroom=66","links":[{"type":"vimeo","href":"https://vimeo.com/394568841"}]},{"text":"5 - SIMULADO 2 - COMPERVE","href":"https://afascursos.com.br/ead/centro-de-aprendizagem/profletras-preparatorio-2022/aula/7998/?classroom=66","links":[]},{"text":"6 - CORREÇÃO - SIMULADO 2 - PARTE 1","href":"https://afascursos.com.br/ead/centro-de-aprendizagem/profletras-preparatorio-2022/aula/8023/?classroom=66","links":[{"type":"vimeo","href":"https://vimeo.com/394799949"}]},{"text":"7 - CORREÇÃO - SIMULADO 2 - PARTE 2","href":"https://afascursos.com.br/ead/centro-de-aprendizagem/profletras-preparatorio-2022/aula/8006/?classroom=66","links":[{"type":"vimeo","href":"https://vimeo.com/395277656"}]},{"text":"8 - SIMULADO 3 - COMPERVE","href":"https://afascursos.com.br/ead/centro-de-aprendizagem/profletras-preparatorio-2022/aula/7999/?classroom=66","links":[]},{"text":"9 - CORREÇÃO - SIMULADO 3 - PARTE 1","href":"https://afascursos.com.br/ead/centro-de-aprendizagem/profletras-preparatorio-2022/aula/8007/?classroom=66","links":[{"type":"vimeo","href":"https://vimeo.com/396171729"}]},{"text":"10 - CORREÇÃO - SIMULADO 3 - PARTE 2","href":"https://afascursos.com.br/ead/centro-de-aprendizagem/profletras-preparatorio-2022/aula/8008/?classroom=66","links":[{"type":"vimeo","href":"https://vimeo.com/396235496"}]},{"text":"11 - SIMULADO 4 - COMPERVE","href":"https://afascursos.com.br/ead/centro-de-aprendizagem/profletras-preparatorio-2022/aula/8000/?classroom=66","links":[]},{"text":"12 - CORREÇÃO - SIMULADO 4","href":"https://afascursos.com.br/ead/centro-de-aprendizagem/profletras-preparatorio-2022/aula/8024/?classroom=66","links":[{"type":"vimeo","href":"https://vimeo.com/514798483"}]},{"text":"13 - SIMULADO 5 - COMPERVE","href":"https://afascursos.com.br/ead/centro-de-aprendizagem/profletras-preparatorio-2022/aula/8001/?classroom=66","links":[]},{"text":"14 - CORREÇÃO EM VIDEOAULA","href":"https://afascursos.com.br/ead/centro-de-aprendizagem/profletras-preparatorio-2022/aula/8009/?classroom=66","links":[{"type":"vimeo","href":"https://vimeo.com/517606018"}]},{"text":"15 - SIMULADO 6 - COMPERVE","href":"https://afascursos.com.br/ead/centro-de-aprendizagem/profletras-preparatorio-2022/aula/8002/?classroom=66","links":[]},{"text":"16 - CORREÇÃO EM VIDEOAULA","href":"https://afascursos.com.br/ead/centro-de-aprendizagem/profletras-preparatorio-2022/aula/8010/?classroom=66","links":[{"type":"vimeo","href":"https://vimeo.com/530002008"}]},{"text":"17 - SIMULADO 7 - COMPERVE","href":"https://afascursos.com.br/ead/centro-de-aprendizagem/profletras-preparatorio-2022/aula/8003/?classroom=66","links":[]},{"text":"18 - CORREÇÃO EM VIDEOAULA","href":"https://afascursos.com.br/ead/centro-de-aprendizagem/profletras-preparatorio-2022/aula/8011/?classroom=66","links":[{"type":"vimeo","href":"https://vimeo.com/563366101"}]},{"text":"19 - SIMULADO 8 - COMPERVE","href":"https://afascursos.com.br/ead/centro-de-aprendizagem/profletras-preparatorio-2022/aula/8004/?classroom=66","links":[]},{"text":"20 - CORREÇÃO EM VIDEOAULA","href":"https://afascursos.com.br/ead/centro-de-aprendizagem/profletras-preparatorio-2022/aula/8012/?classroom=66","links":[{"type":"vimeo","href":"https://vimeo.com/563523570"}]},{"text":"21 - SIMULADO 9 - COMPERVE","href":"https://afascursos.com.br/ead/centro-de-aprendizagem/profletras-preparatorio-2022/aula/8013/?classroom=66","links":[]},{"text":"22 - CORREÇÃO EM VIDEOAULA","href":"https://afascursos.com.br/ead/centro-de-aprendizagem/profletras-preparatorio-2022/aula/8025/?classroom=66","links":[{"type":"vimeo","href":"https://vimeo.com/566179902"}]},{"text":"23 - SIMULADO 10 - COMPERVE","href":"https://afascursos.com.br/ead/centro-de-aprendizagem/profletras-preparatorio-2022/aula/8014/?classroom=66","links":[]},{"text":"24 - CORREÇÃO EM VIDEOAULA","href":"https://afascursos.com.br/ead/centro-de-aprendizagem/profletras-preparatorio-2022/aula/8026/?classroom=66","links":[{"type":"vimeo","href":"https://vimeo.com/567304108"}]},{"text":"25 - SIMULADO 11 - COMPERVE","href":"https://afascursos.com.br/ead/centro-de-aprendizagem/profletras-preparatorio-2022/aula/8021/?classroom=66","links":[]},{"text":"26 - CORREÇÃO EM VIDEOAULA","href":"https://afascursos.com.br/ead/centro-de-aprendizagem/profletras-preparatorio-2022/aula/8478/?classroom=66","links":[{"type":"vimeo","href":"https://vimeo.com/721821295"}]},{"text":"27 - SIMULADO 12 - COMPERVE","href":"https://afascursos.com.br/ead/centro-de-aprendizagem/profletras-preparatorio-2022/aula/8015/?classroom=66","links":[]},{"text":"28 - CORREÇÃO EM VIDEOAULA","href":"https://afascursos.com.br/ead/centro-de-aprendizagem/profletras-preparatorio-2022/aula/8483/?classroom=66","links":[{"type":"vimeo","href":"https://vimeo.com/722037633"}]},{"text":"29 - SIMULADO 13 - COMPERVE","href":"https://afascursos.com.br/ead/centro-de-aprendizagem/profletras-preparatorio-2022/aula/8016/?classroom=66","links":[]},{"text":"30 - CORREÇÃO EM VIDEOAULA","href":"https://afascursos.com.br/ead/centro-de-aprendizagem/profletras-preparatorio-2022/aula/9003/?classroom=66","links":[{"type":"vimeo","href":"https://vimeo.com/770192025"}]},{"text":"31 - SIMULADO 14 - COMPERVE","href":"https://afascursos.com.br/ead/centro-de-aprendizagem/profletras-preparatorio-2022/aula/8017/?classroom=66","links":[]},{"text":"32 - CORREÇÃO EM VIDEOAULA","href":"https://afascursos.com.br/ead/centro-de-aprendizagem/profletras-preparatorio-2022/aula/9010/?classroom=66","links":[{"type":"vimeo","href":"https://vimeo.com/774885365"}]},{"text":"33 - SIMULADO 15 - COMPERVE","href":"https://afascursos.com.br/ead/centro-de-aprendizagem/profletras-preparatorio-2022/aula/8018/?classroom=66","links":[]},{"text":"34 - CORREÇÃO EM VIDEOAULA","href":"https://afascursos.com.br/ead/centro-de-aprendizagem/profletras-preparatorio-2022/aula/9298/?classroom=66","links":[{"type":"vimeo","href":"https://vimeo.com/783145055"}]},{"text":"35 - SIMULADO 16 - COMPERVE","href":"https://afascursos.com.br/ead/centro-de-aprendizagem/profletras-preparatorio-2022/aula/9004/?classroom=66","links":[]},{"text":"36 - CORREÇÃO EM VIDEOAULA","href":"https://afascursos.com.br/ead/centro-de-aprendizagem/profletras-preparatorio-2022/aula/9476/?classroom=66","links":[{"type":"vimeo","href":"https://vimeo.com/784624548"}]},{"text":"37 - SIMULADO 17 - COMPERVE","href":"https://afascursos.com.br/ead/centro-de-aprendizagem/profletras-preparatorio-2022/aula/9005/?classroom=66","links":[]},{"text":"38 - CORREÇÃO EM VIDEOAULA","href":"https://afascursos.com.br/ead/centro-de-aprendizagem/profletras-preparatorio-2022/aula/10185/?classroom=66","links":[{"type":"vimeo","href":"https://vimeo.com/786453893"}]},{"text":"39 - SIMULADO 18 - COMPERVE","href":"https://afascursos.com.br/ead/centro-de-aprendizagem/profletras-preparatorio-2022/aula/9006/?classroom=66","links":[]},{"text":"40 - CORREÇÃO EM VIDEOAULA","href":"https://afascursos.com.br/ead/centro-de-aprendizagem/profletras-preparatorio-2022/aula/10189/?classroom=66","links":[{"type":"vimeo","href":"https://vimeo.com/787252677"}]},{"text":"41 - SIMULADO 19 - COMPERVE","href":"https://afascursos.com.br/ead/centro-de-aprendizagem/profletras-preparatorio-2022/aula/9007/?classroom=66","links":[]},{"text":"42 - SIMULADO 20 - COMPERVE","href":"https://afascursos.com.br/ead/centro-de-aprendizagem/profletras-preparatorio-2022/aula/9008/?classroom=66","links":[]},{"text":"43 - SIMULADOS COMPERVE EM PDF PARA DOWNLOAD","href":"https://afascursos.com.br/ead/centro-de-aprendizagem/profletras-preparatorio-2022/aula/8020/?classroom=66","links":[{"type":"download","href":"/ead/cdn/download-aula/12388/"},{"type":"download","href":"/ead/cdn/download-aula/12389/"},{"type":"download","href":"/ead/cdn/download-aula/12390/"},{"type":"download","href":"/ead/cdn/download-aula/12391/"},{"type":"download","href":"/ead/cdn/download-aula/12392/"},{"type":"download","href":"/ead/cdn/download-aula/12393/"},{"type":"download","href":"/ead/cdn/download-aula/12394/"},{"type":"download","href":"/ead/cdn/download-aula/12395/"},{"type":"download","href":"/ead/cdn/download-aula/12396/"},{"type":"download","href":"/ead/cdn/download-aula/12397/"},{"type":"download","href":"/ead/cdn/download-aula/12398/"},{"type":"download","href":"/ead/cdn/download-aula/12399/"},{"type":"download","href":"/ead/cdn/download-aula/12400/"},{"type":"download","href":"/ead/cdn/download-aula/12401/"},{"type":"download","href":"/ead/cdn/download-aula/12402/"},{"type":"download","href":"/ead/cdn/download-aula/12403/"},{"type":"download","href":"/ead/cdn/download-aula/12404/"},{"type":"download","href":"/ead/cdn/download-aula/12405/"},{"type":"download","href":"/ead/cdn/download-aula/12406/"},{"type":"download","href":"/ead/cdn/download-aula/12407/"},{"type":"download","href":"/ead/cdn/download-aula/12408/"},{"type":"download","href":"/ead/cdn/download-aula/12409/"},{"type":"download","href":"/ead/cdn/download-aula/12410/"},{"type":"download","href":"/ead/cdn/download-aula/12411/"},{"type":"download","href":"/ead/cdn/download-aula/12412/"},{"type":"download","href":"/ead/cdn/download-aula/12413/"},{"type":"download","href":"/ead/cdn/download-aula/14448/"},{"type":"download","href":"/ead/cdn/download-aula/14449/"},{"type":"download","href":"/ead/cdn/download-aula/14450/"},{"type":"download","href":"/ead/cdn/download-aula/14451/"},{"type":"download","href":"/ead/cdn/download-aula/14452/"},{"type":"download","href":"/ead/cdn/download-aula/14453/"},{"type":"download","href":"/ead/cdn/download-aula/15480/"},{"type":"download","href":"/ead/cdn/download-aula/15481/"},{"type":"download","href":"/ead/cdn/download-aula/15482/"},{"type":"download","href":"/ead/cdn/download-aula/15483/"},{"type":"download","href":"/ead/cdn/download-aula/15484/"},{"type":"download","href":"/ead/cdn/download-aula/15485/"},{"type":"download","href":"/ead/cdn/download-aula/15675/"},{"type":"download","href":"/ead/cdn/download-aula/15676/"}]}],"count":43}