{"title":"EXAME DE 2020","links":[{"text":"1 - EXAME DE 2020","href":"https://afascursos.com.br/ead/centro-de-aprendizagem/profletras-preparatorio-2022/aula/7990/?classroom=66","links":[{"type":"download","href":"/ead/cdn/download-aula/12355/"},{"type":"vimeo","href":"https://vimeo.com/503822443"}]},{"text":"2 - EXAME DE 2020 PARTE 2","href":"https://afascursos.com.br/ead/centro-de-aprendizagem/profletras-preparatorio-2022/aula/7991/?classroom=66","links":[{"type":"vimeo","href":"https://vimeo.com/503930568"}]}],"count":2}