{"title":"ARGUMENTAÇÃO (José Luiz Fiorin)","links":[{"text":"1 - Aula 1 - Argumentação e discurso","href":"https://afascursos.com.br/ead/centro-de-aprendizagem/profletras-preparatorio-2022/aula/7911/?classroom=66","links":[{"type":"download","href":"/ead/cdn/download-aula/12257/"},{"type":"vimeo","href":"https://vimeo.com/565093976"}]},{"text":"2 - Aula 2 - Argumentação e inferência","href":"https://afascursos.com.br/ead/centro-de-aprendizagem/profletras-preparatorio-2022/aula/7912/?classroom=66","links":[{"type":"vimeo","href":"https://vimeo.com/586882816"}]},{"text":"3 - Aula 3 - Formas de raciocínio","href":"https://afascursos.com.br/ead/centro-de-aprendizagem/profletras-preparatorio-2022/aula/7913/?classroom=66","links":[{"type":"vimeo","href":"https://vimeo.com/587170672"}]},{"text":"4 - Aula 4 - Os fatores da argumentação","href":"https://afascursos.com.br/ead/centro-de-aprendizagem/profletras-preparatorio-2022/aula/7914/?classroom=66","links":[{"type":"vimeo","href":"https://vimeo.com/587345396"}]},{"text":"5 - Aula 5 - Os argumentos quase lógicos","href":"https://afascursos.com.br/ead/centro-de-aprendizagem/profletras-preparatorio-2022/aula/7915/?classroom=66","links":[{"type":"vimeo","href":"https://vimeo.com/587573968"}]},{"text":"6 - Aula 6 - Argumentos fundamentados na estrutura da realidade","href":"https://afascursos.com.br/ead/centro-de-aprendizagem/profletras-preparatorio-2022/aula/7916/?classroom=66","links":[{"type":"vimeo","href":"https://vimeo.com/587603615"}]},{"text":"7 - Aula 7 - Argumentos que fundamentam a estrutura do real","href":"https://afascursos.com.br/ead/centro-de-aprendizagem/profletras-preparatorio-2022/aula/7917/?classroom=66","links":[{"type":"vimeo","href":"https://vimeo.com/587657898"}]},{"text":"8 - Aula 8 - A dissociação de noções","href":"https://afascursos.com.br/ead/centro-de-aprendizagem/profletras-preparatorio-2022/aula/7918/?classroom=66","links":[{"type":"vimeo","href":"https://vimeo.com/587880846"}]},{"text":"9 - Aula 9 - Outras técnicas argumentativas","href":"https://afascursos.com.br/ead/centro-de-aprendizagem/profletras-preparatorio-2022/aula/7919/?classroom=66","links":[{"type":"vimeo","href":"https://vimeo.com/587970850"}]},{"text":"10 - Aula 10 - A dispositio na retórica antiga e a organização dos textos dissertativos","href":"https://afascursos.com.br/ead/centro-de-aprendizagem/profletras-preparatorio-2022/aula/7920/?classroom=66","links":[{"type":"download","href":"/ead/cdn/download-aula/12267/"},{"type":"vimeo","href":"https://vimeo.com/588339434"}]}],"count":10}