{"title":"SIMULADO DA PROVA OBJETIVA","links":[{"text":"1 - SIMULADO - PROVA OBJETIVA - PARTE 1","href":"https://afascursos.com.br/ead/centro-de-aprendizagem/profletras-preparatorio-2022/aula/7995/?classroom=66","links":[{"type":"download","href":"/ead/cdn/download-aula/12362/"},{"type":"vimeo","href":"https://vimeo.com/396813185"}]},{"text":"2 - SIMULADO - PROVA OBJETIVA - PARTE 2","href":"https://afascursos.com.br/ead/centro-de-aprendizagem/profletras-preparatorio-2022/aula/7996/?classroom=66","links":[{"type":"vimeo","href":"https://vimeo.com/396887662"}]}],"count":2}