{"title":"ANALISANDO PRODUÇÕES REAIS","links":[{"text":"1 - ANALISANDO PRODUÇÕES REAIS AULA 1 -PARTE 1 ENSAIO ACADÊMICO","href":"https://afascursos.com.br/ead/centro-de-aprendizagem/profletras-preparatorio-2022/aula/7931/?classroom=66","links":[{"type":"vimeo","href":"https://vimeo.com/383170360"}]},{"text":"2 - ANALISANDO PRODUÇÕES REAIS AULA 1 -PARTE 2 ENSAIO ACADÊMICO","href":"https://afascursos.com.br/ead/centro-de-aprendizagem/profletras-preparatorio-2022/aula/7932/?classroom=66","links":[{"type":"vimeo","href":"https://vimeo.com/383200520"}]},{"text":"3 - ANALISANDO PRODUÇÕES REAIS AULA 2 - PARTE 1 CARTA ABERTA","href":"https://afascursos.com.br/ead/centro-de-aprendizagem/profletras-preparatorio-2022/aula/7933/?classroom=66","links":[{"type":"vimeo","href":"https://vimeo.com/384579709"}]},{"text":"4 - ANALISANDO PRODUÇÕES REAIS AULA 2 - PARTE 2 CARTA ABERTA","href":"https://afascursos.com.br/ead/centro-de-aprendizagem/profletras-preparatorio-2022/aula/7934/?classroom=66","links":[{"type":"vimeo","href":"https://vimeo.com/384647702"}]},{"text":"5 - ANALISANDO PRODUÇÕES REAIS AULA 3 - PARTE 1 ENSAIO ACADÊMICO","href":"https://afascursos.com.br/ead/centro-de-aprendizagem/profletras-preparatorio-2022/aula/7935/?classroom=66","links":[{"type":"vimeo","href":"https://vimeo.com/385955362"}]},{"text":"6 - ANALISANDO PRODUÇÕES REAIS AULA 3 - PARTE 2 ENSAIO ACADÊMICO","href":"https://afascursos.com.br/ead/centro-de-aprendizagem/profletras-preparatorio-2022/aula/7936/?classroom=66","links":[{"type":"vimeo","href":"https://vimeo.com/385979086"}]},{"text":"7 - ANALISANDO PRODUÇÕES REAIS AULA 4 - PARTE 1 ARTIGO DE OPINIÃO","href":"https://afascursos.com.br/ead/centro-de-aprendizagem/profletras-preparatorio-2022/aula/7937/?classroom=66","links":[{"type":"vimeo","href":"https://vimeo.com/388825742"}]},{"text":"8 - ANALISANDO PRODUÇÕES REAIS AULA 4 - PARTE 2 ARTIGO DE OPINIÃO","href":"https://afascursos.com.br/ead/centro-de-aprendizagem/profletras-preparatorio-2022/aula/7938/?classroom=66","links":[{"type":"vimeo","href":"https://vimeo.com/388845205"}]}],"count":8}