{"title":"BASE NACIONAL COMUM CURRICULAR - BNCC","links":[{"text":"1 - AULA 1 - APRESENTAÇÃO","href":"https://afascursos.com.br/ead/centro-de-aprendizagem/profletras-preparatorio-2022/aula/8103/?classroom=66","links":[{"type":"download","href":"/ead/cdn/download-aula/12523/"},{"type":"vimeo","href":"https://vimeo.com/265471445"}]},{"text":"2 - AULA 2  - FUNDAMENTOS PEDAGÓGICOS","href":"https://afascursos.com.br/ead/centro-de-aprendizagem/profletras-preparatorio-2022/aula/8104/?classroom=66","links":[{"type":"vimeo","href":"https://vimeo.com/265474326"}]},{"text":"3 - AULA 3 - ESTRUTURA","href":"https://afascursos.com.br/ead/centro-de-aprendizagem/profletras-preparatorio-2022/aula/8105/?classroom=66","links":[{"type":"vimeo","href":"https://vimeo.com/265476537"}]},{"text":"4 - AULA 4 - EDUCAÇÃO INFANTIL","href":"https://afascursos.com.br/ead/centro-de-aprendizagem/profletras-preparatorio-2022/aula/8106/?classroom=66","links":[{"type":"vimeo","href":"https://vimeo.com/265477876"}]},{"text":"5 - AULA 5 - ENSINO FUNDAMENTAL","href":"https://afascursos.com.br/ead/centro-de-aprendizagem/profletras-preparatorio-2022/aula/8107/?classroom=66","links":[{"type":"vimeo","href":"https://vimeo.com/265480049"}]},{"text":"6 - AULA 6 - LÍNGUA PORTUGUESA","href":"https://afascursos.com.br/ead/centro-de-aprendizagem/profletras-preparatorio-2022/aula/8108/?classroom=66","links":[{"type":"vimeo","href":"https://vimeo.com/265481008"}]}],"count":6}