{"title":"ANÁLISE DA PROVA DISCURSIVA 2016","links":[{"text":"1 - PROVA DISCURSIVA - SELEÇÃO 2016","href":"https://afascursos.com.br/ead/centro-de-aprendizagem/profletras-preparatorio-2022/aula/7975/?classroom=66","links":[]},{"text":"2 - PROVA DISCURSIVA - SELEÇÃO 2016 - AULA 4 - PARTE 1","href":"https://afascursos.com.br/ead/centro-de-aprendizagem/profletras-preparatorio-2022/aula/7973/?classroom=66","links":[{"type":"vimeo","href":"https://vimeo.com/338433265"}]},{"text":"3 - PROVA DISCURSIVA - SELEÇÃO 2016 - AULA 4 - PARTE 2","href":"https://afascursos.com.br/ead/centro-de-aprendizagem/profletras-preparatorio-2022/aula/7974/?classroom=66","links":[{"type":"vimeo","href":"https://vimeo.com/338441006"}]}],"count":3}