{"title":"ANÁLISE DA PROVA DISCURSIVA 2018","links":[{"text":"1 - PROVA DISCURSIVA - SELEÇÃO 2018 - AULA 6","href":"https://afascursos.com.br/ead/centro-de-aprendizagem/profletras-preparatorio-2022/aula/7984/?classroom=66","links":[]},{"text":"2 - PROVA DISCURSIVA - SELEÇÃO 2018 - AULA 6 - PARTE 1","href":"https://afascursos.com.br/ead/centro-de-aprendizagem/profletras-preparatorio-2022/aula/7985/?classroom=66","links":[{"type":"download","href":"/ead/cdn/download-aula/12348/"},{"type":"vimeo","href":"https://vimeo.com/344358146"}]},{"text":"3 - PROVA DISCURSIVA - SELEÇÃO 2018 - AULA 6 - PARTE 2","href":"https://afascursos.com.br/ead/centro-de-aprendizagem/profletras-preparatorio-2022/aula/7986/?classroom=66","links":[{"type":"vimeo","href":"https://vimeo.com/344369317"}]}],"count":3}