{"title":"NOVA GRAMÁTICA DO PORTUGUÊS BRASILEIRO ( Ataliba T. de Castilho)","links":[{"text":"1 - AULA 1","href":"https://afascursos.com.br/ead/centro-de-aprendizagem/profletras-preparatorio-2022/aula/7924/?classroom=66","links":[{"type":"download","href":"/ead/cdn/download-aula/12273/"},{"type":"vimeo","href":"https://vimeo.com/512167858"}]},{"text":"2 - AULA 2","href":"https://afascursos.com.br/ead/centro-de-aprendizagem/profletras-preparatorio-2022/aula/7925/?classroom=66","links":[{"type":"vimeo","href":"https://vimeo.com/515498603"}]}],"count":2}