{"title":"PRODUÇÃO TEXTUAL, ANÁLISE DE GÊNEROS E COMPREENSÃO (Marcuschi)","links":[{"text":"1 - Aula 1 - Preliminares","href":"https://afascursos.com.br/ead/centro-de-aprendizagem/profletras-preparatorio-2022/aula/7907/?classroom=66","links":[{"type":"download","href":"/ead/cdn/download-aula/12252/"},{"type":"vimeo","href":"https://vimeo.com/560717977"}]},{"text":"2 - Aula 2 - Primeira parte - Processos de produção textual","href":"https://afascursos.com.br/ead/centro-de-aprendizagem/profletras-preparatorio-2022/aula/7908/?classroom=66","links":[{"type":"vimeo","href":"https://vimeo.com/561150475"}]},{"text":"3 - Aula 3 - Gêneros textuais no ensino de língua","href":"https://afascursos.com.br/ead/centro-de-aprendizagem/profletras-preparatorio-2022/aula/7910/?classroom=66","links":[{"type":"vimeo","href":"https://vimeo.com/561643586"}]},{"text":"4 - Aula 4 - Processos de compreensão","href":"https://afascursos.com.br/ead/centro-de-aprendizagem/profletras-preparatorio-2022/aula/7909/?classroom=66","links":[{"type":"vimeo","href":"https://vimeo.com/561965515"}]}],"count":4}