{"title":"ESCRITA ACADÊMICA","links":[{"text":"1 - AULA 1 - REDAÇÃO ACADÊMICA","href":"https://afascursos.com.br/ead/centro-de-aprendizagem/profletras-preparatorio-2022/aula/7848/?classroom=66","links":[{"type":"download","href":"/ead/cdn/download-aula/12171/"},{"type":"vimeo","href":"https://vimeo.com/520560252"}]},{"text":"2 - AULA 2 - RESENHA","href":"https://afascursos.com.br/ead/centro-de-aprendizagem/profletras-preparatorio-2022/aula/7849/?classroom=66","links":[{"type":"download","href":"/ead/cdn/download-aula/12173/"},{"type":"vimeo","href":"https://vimeo.com/523623019"}]},{"text":"3 - AULA 3 - PROJETO DE PESQUISA","href":"https://afascursos.com.br/ead/centro-de-aprendizagem/profletras-preparatorio-2022/aula/7850/?classroom=66","links":[{"type":"download","href":"/ead/cdn/download-aula/12175/"},{"type":"vimeo","href":"https://vimeo.com/527883647"}]},{"text":"4 - AULA 4 - ARTIGO ACADÊMICO: INTRODUÇÃO","href":"https://afascursos.com.br/ead/centro-de-aprendizagem/profletras-preparatorio-2022/aula/7851/?classroom=66","links":[{"type":"download","href":"/ead/cdn/download-aula/12177/"},{"type":"download","href":"/ead/cdn/download-aula/12178/"},{"type":"vimeo","href":"https://vimeo.com/530428885"}]},{"text":"5 -  AULA 5 - ARTIGO ACADÊMICO: REVISÃO DE LITERATURA","href":"https://afascursos.com.br/ead/centro-de-aprendizagem/profletras-preparatorio-2022/aula/7852/?classroom=66","links":[{"type":"download","href":"/ead/cdn/download-aula/12180/"},{"type":"vimeo","href":"https://vimeo.com/532865510"}]},{"text":"6 - AULA 6 - ARTIGO ACADÊMICO: METODOLOGIA","href":"https://afascursos.com.br/ead/centro-de-aprendizagem/profletras-preparatorio-2022/aula/7853/?classroom=66","links":[{"type":"download","href":"/ead/cdn/download-aula/12182/"},{"type":"vimeo","href":"https://vimeo.com/535411672"}]},{"text":"7 - AULA 7 - ARTIGO ACADÊMICO: ANÁLISE E DISCUSSÃO DOS RESULTADOS","href":"https://afascursos.com.br/ead/centro-de-aprendizagem/profletras-preparatorio-2022/aula/7854/?classroom=66","links":[{"type":"download","href":"/ead/cdn/download-aula/12184/"},{"type":"download","href":"/ead/cdn/download-aula/12185/"},{"type":"vimeo","href":"https://vimeo.com/538329747"}]},{"text":"8 - AULA 8 - ARTIGO ACADÊMICO: RESUMO ACADÊMICO","href":"https://afascursos.com.br/ead/centro-de-aprendizagem/profletras-preparatorio-2022/aula/7855/?classroom=66","links":[{"type":"download","href":"/ead/cdn/download-aula/12187/"},{"type":"vimeo","href":"https://vimeo.com/541774735"}]},{"text":"9 - AULA 9 - O TEXTO CRÍTICO","href":"https://afascursos.com.br/ead/centro-de-aprendizagem/profletras-preparatorio-2022/aula/7856/?classroom=66","links":[{"type":"download","href":"/ead/cdn/download-aula/12189/"},{"type":"vimeo","href":"https://vimeo.com/544658229"}]},{"text":"10 - AULA 10 - RELACIONANDO IDEIAS E ARGUMENTOS","href":"https://afascursos.com.br/ead/centro-de-aprendizagem/profletras-preparatorio-2022/aula/7857/?classroom=66","links":[{"type":"download","href":"/ead/cdn/download-aula/12191/"},{"type":"vimeo","href":"https://vimeo.com/551300817"}]},{"text":"11 - AULA 11 - LINGUAGEM DO PADRÃO ESCRITO FORMAL","href":"https://afascursos.com.br/ead/centro-de-aprendizagem/profletras-preparatorio-2022/aula/7858/?classroom=66","links":[{"type":"download","href":"/ead/cdn/download-aula/12193/"},{"type":"vimeo","href":"https://vimeo.com/554538620"}]},{"text":"12 - AULA 12 - CRASE","href":"https://afascursos.com.br/ead/centro-de-aprendizagem/profletras-preparatorio-2022/aula/7859/?classroom=66","links":[{"type":"download","href":"/ead/cdn/download-aula/12195/"},{"type":"vimeo","href":"https://vimeo.com/560114304"}]},{"text":"13 - AULA 14 - ORTOGRAFIA","href":"https://afascursos.com.br/ead/centro-de-aprendizagem/profletras-preparatorio-2022/aula/7860/?classroom=66","links":[{"type":"download","href":"/ead/cdn/download-aula/12197/"},{"type":"download","href":"/ead/cdn/download-aula/12198/"},{"type":"vimeo","href":"https://vimeo.com/568202255"}]},{"text":"14 - AULA 15 - PRONOMES","href":"https://afascursos.com.br/ead/centro-de-aprendizagem/profletras-preparatorio-2022/aula/7861/?classroom=66","links":[{"type":"download","href":"/ead/cdn/download-aula/12200/"},{"type":"vimeo","href":"https://vimeo.com/570280370"}]},{"text":"15 - AULA 16 - ABNT","href":"https://afascursos.com.br/ead/centro-de-aprendizagem/profletras-preparatorio-2022/aula/7862/?classroom=66","links":[{"type":"download","href":"/ead/cdn/download-aula/12202/"},{"type":"download","href":"/ead/cdn/download-aula/12203/"},{"type":"vimeo","href":"https://vimeo.com/571301264"}]}],"count":15}