{"title":"EXAME DE 2015","links":[{"text":"1 - EXAME DE 2015","href":"https://afascursos.com.br/ead/centro-de-aprendizagem/profletras-preparatorio-2022/aula/7972/?classroom=66","links":[{"type":"download","href":"/ead/cdn/download-aula/12332/"}]},{"text":"2 - CORREÇÃO DO EXAME DE 2015 - PARTE 1","href":"https://afascursos.com.br/ead/centro-de-aprendizagem/profletras-preparatorio-2022/aula/7970/?classroom=66","links":[{"type":"download","href":"/ead/cdn/download-aula/12329/"},{"type":"vimeo","href":"https://vimeo.com/311731419"}]},{"text":"3 - CORREÇÃO DO EXAME DE 2015 - PARTE 2","href":"https://afascursos.com.br/ead/centro-de-aprendizagem/profletras-preparatorio-2022/aula/7971/?classroom=66","links":[{"type":"vimeo","href":"https://vimeo.com/268635797"}]}],"count":3}