{"title":"DISCURSO E MUDANÇA SOCIAL (Norman Flairclough)","links":[{"text":"1 - Aula 1 - Introdução","href":"https://afascursos.com.br/ead/centro-de-aprendizagem/profletras-preparatorio-2022/aula/7898/?classroom=66","links":[{"type":"download","href":"/ead/cdn/download-aula/12242/"},{"type":"vimeo","href":"https://vimeo.com/545955445"}]},{"text":"2 - Aula 2  - Abordagens de análise de discurso","href":"https://afascursos.com.br/ead/centro-de-aprendizagem/profletras-preparatorio-2022/aula/7899/?classroom=66","links":[{"type":"vimeo","href":"https://vimeo.com/547606600"}]},{"text":"3 - Aula 3 - Michel Foucault e a análise de discurso","href":"https://afascursos.com.br/ead/centro-de-aprendizagem/profletras-preparatorio-2022/aula/7900/?classroom=66","links":[{"type":"vimeo","href":"https://vimeo.com/549032638"}]},{"text":"4 - Aula 4 - Teoria Social do Discurso","href":"https://afascursos.com.br/ead/centro-de-aprendizagem/profletras-preparatorio-2022/aula/7901/?classroom=66","links":[{"type":"vimeo","href":"https://vimeo.com/552509185"}]},{"text":"5 - Aula 5 - Intertextualidade","href":"https://afascursos.com.br/ead/centro-de-aprendizagem/profletras-preparatorio-2022/aula/7902/?classroom=66","links":[{"type":"vimeo","href":"https://vimeo.com/557867179"}]},{"text":"6 - Aula 6 - Análise Textual: A cronstrução das relações sociais e do \"eu\"","href":"https://afascursos.com.br/ead/centro-de-aprendizagem/profletras-preparatorio-2022/aula/7903/?classroom=66","links":[{"type":"vimeo","href":"https://vimeo.com/558215664"}]},{"text":"7 - Aula 7 - Análise Textual: A construção da realidade social","href":"https://afascursos.com.br/ead/centro-de-aprendizagem/profletras-preparatorio-2022/aula/7904/?classroom=66","links":[{"type":"vimeo","href":"https://vimeo.com/558369947"}]},{"text":"8 - Aula 8 - Discurso e Mudança Social nas Sociedades Contemporâneas","href":"https://afascursos.com.br/ead/centro-de-aprendizagem/profletras-preparatorio-2022/aula/7905/?classroom=66","links":[{"type":"vimeo","href":"https://vimeo.com/558799891"}]},{"text":"9 -  Aula 9 - A Prática da Análise de Discurso","href":"https://afascursos.com.br/ead/centro-de-aprendizagem/profletras-preparatorio-2022/aula/7906/?classroom=66","links":[{"type":"vimeo","href":"https://vimeo.com/558816994"}]}],"count":9}