{"title":"MARXISMO E FILOSOFIA DA LINGUAGEM (Bakhtin/Volochínov)","links":[{"text":"1 - Divisão das aulas","href":"https://afascursos.com.br/ead/centro-de-aprendizagem/profletras-preparatorio-2022/aula/7884/?classroom=66","links":[{"type":"vimeo","href":"https://vimeo.com/524320029"}]},{"text":"2 - Aula 1 - Introdução","href":"https://afascursos.com.br/ead/centro-de-aprendizagem/profletras-preparatorio-2022/aula/7885/?classroom=66","links":[{"type":"download","href":"/ead/cdn/download-aula/12229/"},{"type":"vimeo","href":"https://vimeo.com/528053437"}]},{"text":"3 - Aula 2 - Estudo das ideologias e Filosofia da Linguagem","href":"https://afascursos.com.br/ead/centro-de-aprendizagem/profletras-preparatorio-2022/aula/7886/?classroom=66","links":[{"type":"vimeo","href":"https://vimeo.com/528345089"}]},{"text":"4 - Aula 3 - A relação entre a infraestrutura e as superestruturas","href":"https://afascursos.com.br/ead/centro-de-aprendizagem/profletras-preparatorio-2022/aula/7887/?classroom=66","links":[{"type":"vimeo","href":"https://vimeo.com/528558459"}]},{"text":"5 - Aula 4 - Filosofia da Linguagem e Psicologia Objetiva","href":"https://afascursos.com.br/ead/centro-de-aprendizagem/profletras-preparatorio-2022/aula/7888/?classroom=66","links":[{"type":"vimeo","href":"https://vimeo.com/528919364"}]},{"text":"6 - Aula 5 - Duas orientações do pensamento filosófico-linguístico","href":"https://afascursos.com.br/ead/centro-de-aprendizagem/profletras-preparatorio-2022/aula/7889/?classroom=66","links":[{"type":"vimeo","href":"https://vimeo.com/529132901"}]},{"text":"7 - Aula 6 - Língua, fala e enunciação","href":"https://afascursos.com.br/ead/centro-de-aprendizagem/profletras-preparatorio-2022/aula/7890/?classroom=66","links":[{"type":"vimeo","href":"https://vimeo.com/529368298"}]},{"text":"8 - Aula 7 - A interração Verbal","href":"https://afascursos.com.br/ead/centro-de-aprendizagem/profletras-preparatorio-2022/aula/7891/?classroom=66","links":[{"type":"vimeo","href":"https://vimeo.com/531277661"}]},{"text":"9 - Aula 8 - Tema e Significação na Língua","href":"https://afascursos.com.br/ead/centro-de-aprendizagem/profletras-preparatorio-2022/aula/7892/?classroom=66","links":[{"type":"vimeo","href":"https://vimeo.com/531402955"}]},{"text":"10 - Aula 9 - Teoria da Enunciação e Problemas Sintáticos","href":"https://afascursos.com.br/ead/centro-de-aprendizagem/profletras-preparatorio-2022/aula/7893/?classroom=66","links":[{"type":"vimeo","href":"https://vimeo.com/531511214"}]},{"text":"11 - Aula 10 - O \"discurso de outrem\"","href":"https://afascursos.com.br/ead/centro-de-aprendizagem/profletras-preparatorio-2022/aula/7895/?classroom=66","links":[{"type":"vimeo","href":"https://vimeo.com/531893294"}]},{"text":"12 - Aula 11 - Discurso indireto, discurso direto e suas variantes","href":"https://afascursos.com.br/ead/centro-de-aprendizagem/profletras-preparatorio-2022/aula/7896/?classroom=66","links":[{"type":"vimeo","href":"https://vimeo.com/532025944"}]},{"text":"13 - Aula 12 - Discurso indireto livre em francês, alemão e russo","href":"https://afascursos.com.br/ead/centro-de-aprendizagem/profletras-preparatorio-2022/aula/7897/?classroom=66","links":[{"type":"vimeo","href":"https://vimeo.com/532046752"}]}],"count":13}