{"title":"EDUCAÇÃO EM LÍNGUA MATERNA: A Sociolinguística na sala de aula (Bortoni-Ricardo)","links":[{"text":"1 - AULA 1 - Introdução","href":"https://afascursos.com.br/ead/centro-de-aprendizagem/profletras-preparatorio-2022/aula/7863/?classroom=66","links":[{"type":"download","href":"/ead/cdn/download-aula/12205/"},{"type":"vimeo","href":"https://vimeo.com/498709881"}]},{"text":"2 - AULA 2 - A sociedade brasileira: características sociolinguísticas","href":"https://afascursos.com.br/ead/centro-de-aprendizagem/profletras-preparatorio-2022/aula/7864/?classroom=66","links":[{"type":"vimeo","href":"https://vimeo.com/500977329"}]},{"text":"3 - AULA 3 - Diversidade linguística e pluralidade cultural no Brasil","href":"https://afascursos.com.br/ead/centro-de-aprendizagem/profletras-preparatorio-2022/aula/7865/?classroom=66","links":[{"type":"vimeo","href":"https://vimeo.com/501961178"}]},{"text":"4 - AULA 4 - A variação linguística em sala de aula","href":"https://afascursos.com.br/ead/centro-de-aprendizagem/profletras-preparatorio-2022/aula/7866/?classroom=66","links":[{"type":"vimeo","href":"https://vimeo.com/503985721"}]},{"text":"5 - AULA 5 - A comunidade de fala brasileira","href":"https://afascursos.com.br/ead/centro-de-aprendizagem/profletras-preparatorio-2022/aula/7867/?classroom=66","links":[{"type":"vimeo","href":"https://vimeo.com/504811644"}]},{"text":"6 - AULA 6 - O português brasileiro","href":"https://afascursos.com.br/ead/centro-de-aprendizagem/profletras-preparatorio-2022/aula/7868/?classroom=66","links":[{"type":"vimeo","href":"https://vimeo.com/504997984"}]},{"text":"7 - AULA 7 - Competência comunicativa","href":"https://afascursos.com.br/ead/centro-de-aprendizagem/profletras-preparatorio-2022/aula/7869/?classroom=66","links":[{"type":"vimeo","href":"https://vimeo.com/506876346"}]},{"text":"8 - AULA 8 - A variação linguística no português brasileiro","href":"https://afascursos.com.br/ead/centro-de-aprendizagem/profletras-preparatorio-2022/aula/7870/?classroom=66","links":[{"type":"vimeo","href":"https://vimeo.com/507212636"}]}],"count":8}