{"title":"EXAME DE 2017","links":[{"text":"1 - EXAME DE 2017","href":"https://afascursos.com.br/ead/centro-de-aprendizagem/profletras-preparatorio-2022/aula/7983/?classroom=66","links":[{"type":"download","href":"/ead/cdn/download-aula/12345/"}]},{"text":"2 - CORREÇÃO DO EXAME DE 2017 PARTE 1","href":"https://afascursos.com.br/ead/centro-de-aprendizagem/profletras-preparatorio-2022/aula/7981/?classroom=66","links":[{"type":"vimeo","href":"https://vimeo.com/283902387"}]},{"text":"3 - CORREÇÃO DO EXAME DE 2017 PARTE 2","href":"https://afascursos.com.br/ead/centro-de-aprendizagem/profletras-preparatorio-2022/aula/7982/?classroom=66","links":[{"type":"vimeo","href":"https://vimeo.com/384217765"}]}],"count":3}