{"title":"ANALISANDO PONTOS ESPECÍFICOS EM QUESTÕES DO EXAME","links":[{"text":"1 - PONTOS ESPECÍFICOS EM QUESTÕES DO EXAME PROFLETRAS: INTERTEXTUALIDADE - VOZES - ASPAS - CITAÇÃO","href":"https://afascursos.com.br/ead/centro-de-aprendizagem/profletras-preparatorio-2022/aula/7992/?classroom=66","links":[{"type":"download","href":"/ead/cdn/download-aula/12358/"}]},{"text":"2 - PONTOS ESPECÍFICOS EM QUESTÕES DO EXAME PROFLETRAS: INTERTEXTUALIDADE - VOZES - ASPAS - CITAÇÃO - PARTE 1","href":"https://afascursos.com.br/ead/centro-de-aprendizagem/profletras-preparatorio-2022/aula/7993/?classroom=66","links":[{"type":"vimeo","href":"https://vimeo.com/344554522"}]},{"text":"3 - PONTOS ESPECÍFICOS EM QUESTÕES DO EXAME PROFLETRAS: INTERTEXTUALIDADE - VOZES - ASPAS - CITAÇÃO - PARTE 2","href":"https://afascursos.com.br/ead/centro-de-aprendizagem/profletras-preparatorio-2022/aula/7994/?classroom=66","links":[{"type":"vimeo","href":"https://vimeo.com/344570036"}]}],"count":3}