{"title":"ANÁLISE DA PROVA DISCURSIVA 2013","links":[{"text":"1 - PROVA DISCURSIVA - SELEÇÃO 2013 - AULA 1 - PARTE 1","href":"https://afascursos.com.br/ead/centro-de-aprendizagem/profletras-preparatorio-2022/aula/7953/?classroom=66","links":[{"type":"download","href":"/ead/cdn/download-aula/12308/"},{"type":"vimeo","href":"https://vimeo.com/336201409"}]},{"text":"2 - PROVA DISCURSIVA - SELEÇÃO 2013 - AULA 1 - PARTE 2","href":"https://afascursos.com.br/ead/centro-de-aprendizagem/profletras-preparatorio-2022/aula/7954/?classroom=66","links":[{"type":"vimeo","href":"https://vimeo.com/336208461"}]},{"text":"3 - PROVA DISCURSIVA - SELEÇÃO 2013 - AULA 1 - PARTE 3","href":"https://afascursos.com.br/ead/centro-de-aprendizagem/profletras-preparatorio-2022/aula/7955/?classroom=66","links":[{"type":"vimeo","href":"https://vimeo.com/336213572"}]},{"text":"4 - PROVA DISCURSIVA - SELEÇÃO 2013 - AULA 1 - PARTE 4","href":"https://afascursos.com.br/ead/centro-de-aprendizagem/profletras-preparatorio-2022/aula/7956/?classroom=66","links":[{"type":"vimeo","href":"https://vimeo.com/336218501"}]},{"text":"5 - PROVA DISCURSIVA - SELEÇÃO 2013 - AULA 1 - PARTE 5","href":"https://afascursos.com.br/ead/centro-de-aprendizagem/profletras-preparatorio-2022/aula/7957/?classroom=66","links":[{"type":"vimeo","href":"https://vimeo.com/336247589"}]},{"text":"6 - PROVA DISCURSIVA - SELEÇÃO 2013 - AULA 1 - PARTE 6","href":"https://afascursos.com.br/ead/centro-de-aprendizagem/profletras-preparatorio-2022/aula/7958/?classroom=66","links":[{"type":"vimeo","href":"https://vimeo.com/336254437"}]}],"count":6}