{"title":"ANÁLISE DA PROVA DISCURSIVA 2014","links":[{"text":"1 - PROVA DISCURSIVA - SELEÇÃO 2014 - AULA 2 - PARTE 1","href":"https://afascursos.com.br/ead/centro-de-aprendizagem/profletras-preparatorio-2022/aula/7961/?classroom=66","links":[{"type":"vimeo","href":"https://vimeo.com/336726726"}]},{"text":"2 - PROVA DISCURSIVA - SELEÇÃO 2014 - AULA 2 - PARTE 2","href":"https://afascursos.com.br/ead/centro-de-aprendizagem/profletras-preparatorio-2022/aula/7962/?classroom=66","links":[{"type":"vimeo","href":"https://vimeo.com/336808652"}]},{"text":"3 - PROVA DISCURSIVA - SELEÇÃO 2014 - AULA 2 - PARTE 3","href":"https://afascursos.com.br/ead/centro-de-aprendizagem/profletras-preparatorio-2022/aula/7963/?classroom=66","links":[{"type":"vimeo","href":"https://vimeo.com/336814869"}]}],"count":3}