{"title":"PRECONCEITO LINGUÍSTICO: o que é, como se faz (Marcos Bagno)","links":[{"text":"1 - Aula 1 - A mitologia do preconceito linguístico","href":"https://afascursos.com.br/ead/centro-de-aprendizagem/profletras-preparatorio-2022/aula/7921/?classroom=66","links":[{"type":"download","href":"/ead/cdn/download-aula/12269/"},{"type":"vimeo","href":"https://vimeo.com/621231700"}]},{"text":"2 - Aula 2 - O círculo vicioso do preconceito linguístico","href":"https://afascursos.com.br/ead/centro-de-aprendizagem/profletras-preparatorio-2022/aula/7922/?classroom=66","links":[{"type":"vimeo","href":"https://vimeo.com/629419438"}]},{"text":"3 - Aula 3 - A desconstrução do preconceito linguístico","href":"https://afascursos.com.br/ead/centro-de-aprendizagem/profletras-preparatorio-2022/aula/7923/?classroom=66","links":[{"type":"vimeo","href":"https://vimeo.com/652143982"}]}],"count":3}